,person,subset,# shots,Feature Set,AccLDAInd,AccLDALiu,AccLDA10BB,AccLDA11BB,AccLDA10BBcl,AccLDA11BBcl,AccQDAInd,AccQDALiu,AccQDA10BB,AccQDA11BB,AccQDA10BBcl,AccQDA11BBcl,AccKNNInd,AccKNNIndGen,AccKNNLiu,AccKNN10BBl,AccKNN11BBl,AccKNN10BBq,AccKNN11BBq,AccSVMInd,AccSVMGIndGen,AccSVMLiu,AccSVM10BBl,AccSVM11BBl,AccSVM10BBq,AccSVM11BBq,r10BBl,r11BBl,r10BBq,r11BBq,r10BBlmean,r11BBlmean,r10BBqmean,r11BBqmean
0,42,"(1,)",1,2,0.6678237650200267,0.7452603471295061,0.7436582109479306,0.7514018691588785,0.832,0.784,0.7802403204272363,0.8384512683578104,0.8344459279038718,0.8499332443257677,0.888,0.912,0.6902536715620827,0.7060080106809079,0.7316421895861148,0.7156208277703605,0.7046728971962617,0.7148197596795728,0.719626168224299,0.6811748998664886,0.7158878504672898,0.7660881174899866,0.7551401869158878,0.7615487316421896,0.7815754339118826,0.7623497997329773,[0.56969097 0.82779809 0.74326149 0.85384459 0.59572427],[0.5        0.61111111 0.58974359 0.65079365 0.50413223],[0.50007243 0.50231698 0.50070621 0.50007243 0.5       ],[0.5 0.5 0.5 0.5 0.5],0.7180638836597063,0.571156116610662,0.5006336121848282,0.5
1,42,"(2,)",1,2,0.7797062750333779,0.8635514018691589,0.8755674232309746,0.8453938584779707,0.936,0.936,0.7748998664886515,0.892656875834446,0.8963951935914553,0.8985313751668892,0.96,0.936,0.7738317757009345,0.7919893190921228,0.8176234979973298,0.8136181575433912,0.7893190921228305,0.8170894526034713,0.8104138851802403,0.735113484646195,0.7858477970627503,0.8496662216288384,0.8483311081441922,0.8502002670226969,0.8550066755674233,0.8451268357810414,[0.53701164 0.80236148 0.73807604 0.73986317 0.63585786],[0.5        0.56321839 0.51851852 0.5        0.5483871 ],[0.5        0.50999565 0.50524617 0.50007243 0.50136014],[0.5 0.5 0.5 0.5 0.5],0.6906340373437522,0.5260248012194619,0.5033348787087571,0.5
