,person,subset,# shots,Feature Set,AccLDAInd,AccLDALiu,AccLDA10BB,AccLDA11BB,AccLDA10BBcl,AccLDA11BBcl,AccQDAInd,AccQDALiu,AccQDA10BB,AccQDA11BB,AccQDA10BBcl,AccQDA11BBcl,AccKNNInd,AccKNNIndGen,AccKNNLiu,AccKNN10BBl,AccKNN11BBl,AccKNN10BBq,AccKNN11BBq,AccSVMInd,AccSVMGIndGen,AccSVMLiu,AccSVM10BBl,AccSVM11BBl,AccSVM10BBq,AccSVM11BBq,r10BBl,r11BBl,r10BBq,r11BBq,r10BBlmean,r11BBlmean,r10BBqmean,r11BBqmean
0,54,"(1,)",1,2,0.45206589251957874,0.5708884688090737,0.537402106400216,0.564947339994599,0.632,0.656,0.3559276262489873,0.5825006751282744,0.5881717526330003,0.5954631379962193,0.672,0.704,0.49095328112341347,0.4993248717256279,0.553875236294896,0.5446934917634351,0.5444234404536862,0.5482041587901701,0.5500945179584121,0.46502835538752363,0.484472049689441,0.5662975965433432,0.5414528760464489,0.5660275452335943,0.5679179044018363,0.5581960572508776,[0.71777423 0.68235995 0.86301608 0.96004925 0.90006109],[0.55555556 0.5        0.80952381 0.88888889 0.7037037 ],[0.5        0.5        0.5693444  0.56220217 0.50999747],[0.5 0.5 0.5 0.5 0.5],0.8246521199753122,0.6915343915343916,0.5283088079962188,0.5
