,yLDAInd,yQDAInd,yLDAMulti,yQDAMulti,yPropL,yPropQ,yLiu,yLiuQDA,wTargetQ,wTargetL,wLiu,person,times,shots,yKNNInd,ySVMInd,yKNNMulti,ySVMMulti
0,0.831,0.552,0.627,0.619,0.811,0.817,0.819,0.786,0.5,0.5898113794914795,0.5,20,20,3,0.821,0.808,0.745,0.8
1,0.82,0.508,0.627,0.619,0.812,0.801,0.819,0.77,0.45465921323105307,0.8009367959664304,0.5,20,20,4,0.749,0.713,0.745,0.8
2,0.838,0.712,0.627,0.619,0.834,0.81,0.81,0.795,0.5122050558107347,0.5000000000000001,0.5,20,20,5,0.795,0.776,0.745,0.799
3,0.825,0.719,0.627,0.619,0.833,0.789,0.825,0.795,0.563882633526636,0.49999999999999994,0.5,20,20,6,0.797,0.779,0.745,0.799
