,yLDAInd,yQDAInd,yLDAMulti,yQDAMulti,yPropL,yPropQ,yLiu,yLiuQDA,wTargetQ,wTargetL,wLiu,person,times,shots,yKNNInd,ySVMInd,yKNNMulti,ySVMMulti
0,0.788,0.809,0.627,0.619,0.813,0.809,0.796,0.803,0.5,0.44248241426552753,0.5,20,79,3,0.816,0.801,0.747,0.799
1,0.813,0.805,0.627,0.619,0.823,0.812,0.812,0.805,0.5,0.5,0.5,20,79,4,0.843,0.801,0.747,0.799
2,0.777,0.772,0.627,0.619,0.804,0.789,0.784,0.78,0.4494897427831781,0.4719667786045016,0.5,20,79,5,0.781,0.737,0.747,0.799
3,0.783,0.766,0.627,0.619,0.808,0.79,0.797,0.787,0.49999999999999994,0.49034770645518855,0.5,20,79,6,0.804,0.821,0.747,0.799
