,yLDAInd,yQDAInd,yLDAMulti,yQDAMulti,yPropL,yPropQ,yLiu,yLiuQDA,wTargetQ,wTargetL,wLiu,person,times,shots,yKNNInd,ySVMInd,yKNNMulti,ySVMMulti
0,0.751,0.714,0.627,0.619,0.774,0.773,0.725,0.73,0.5,0.5,0.5,20,62,3,0.834,0.783,0.746,0.799
1,0.713,0.703,0.627,0.619,0.765,0.758,0.694,0.696,0.5,0.43649167310370846,0.5,20,62,4,0.757,0.779,0.746,0.799
2,0.727,0.745,0.627,0.62,0.754,0.754,0.694,0.698,0.5,0.5,0.5,20,62,5,0.759,0.779,0.746,0.799
3,0.776,0.729,0.627,0.62,0.781,0.777,0.727,0.727,0.5019506744982165,0.5,0.5,20,62,6,0.783,0.811,0.746,0.799
