,yLDAInd,yQDAInd,yLDAMulti,yQDAMulti,yPropL,yPropQ,yLiu,yLiuQDA,wTargetQ,wTargetL,wLiu,person,times,shots,yKNNInd,ySVMInd,yKNNMulti,ySVMMulti
0,0.707,0.577,0.627,0.619,0.798,0.677,0.74,0.697,0.75,0.646098436130083,0.5,20,77,3,0.783,0.615,0.748,0.8
1,0.826,0.61,0.627,0.619,0.837,0.837,0.827,0.82,0.553859521970369,0.5,0.5,20,77,4,0.823,0.616,0.748,0.8
2,0.839,0.784,0.627,0.619,0.839,0.838,0.837,0.842,0.5,0.5,0.5,20,77,5,0.846,0.833,0.748,0.8
