,yLDAInd,yQDAInd,yLDAMulti,yQDAMulti,yPropL,yPropQ,yLiu,yLiuQDA,wTargetQ,wTargetL,wLiu,person,times,shots,yKNNInd,ySVMInd,yKNNMulti,ySVMMulti
0,0.75,0.739,0.627,0.619,0.769,0.781,0.696,0.757,0.5,0.5,0.5,20,30,3,0.802,0.817,0.747,0.799
1,0.715,0.66,0.627,0.619,0.752,0.765,0.687,0.686,0.46824583655185426,0.5,0.5,20,30,4,0.809,0.711,0.747,0.799
2,0.68,0.682,0.627,0.62,0.742,0.749,0.687,0.7,0.47474487139158905,0.5,0.5,20,30,5,0.755,0.719,0.747,0.799
3,0.727,0.688,0.627,0.62,0.77,0.761,0.721,0.727,0.4831712525453251,0.49999999999999994,0.5,20,30,6,0.814,0.755,0.747,0.799
4,0.812,0.724,0.627,0.62,0.815,0.782,0.779,0.761,0.505321559063052,0.5058053485112783,0.5,20,30,7,0.837,0.786,0.746,0.799
5,0.744,0.69,0.627,0.62,0.778,0.758,0.732,0.725,0.5,0.5248571349092672,0.5,20,30,8,0.821,0.759,0.746,0.799
6,0.716,0.677,0.627,0.62,0.764,0.751,0.724,0.722,0.5,0.5216036436330305,0.5,20,30,9,0.814,0.691,0.746,0.799
7,0.741,0.703,0.627,0.62,0.78,0.761,0.762,0.754,0.4947463930710103,0.5025512860841095,0.5,20,30,10,0.814,0.716,0.746,0.799
8,0.805,0.722,0.627,0.62,0.804,0.778,0.802,0.775,0.488064144457223,0.5038903726195174,0.5,20,30,11,0.822,0.74,0.746,0.799
