,yLDAInd,yQDAInd,yLDAMulti,yQDAMulti,yPropL,yPropQ,yLiu,yLiuQDA,wTargetQ,wTargetL,wLiu,person,times,shots,yKNNInd,ySVMInd,yKNNMulti,ySVMMulti
0,0.812,0.776,0.627,0.619,0.829,0.833,0.826,0.827,0.5033732410975573,0.5,0.5,20,67,3,0.825,0.832,0.746,0.799
1,0.827,0.848,0.627,0.619,0.836,0.839,0.836,0.832,0.5,0.5,0.5,20,67,4,0.829,0.836,0.746,0.799
2,0.831,0.827,0.627,0.619,0.839,0.839,0.828,0.819,0.509524735250457,0.525255128608411,0.5,20,67,5,0.824,0.817,0.746,0.799
3,0.779,0.785,0.627,0.619,0.821,0.811,0.826,0.831,0.5374870435797694,0.5229307287233125,0.5,20,67,6,0.831,0.769,0.746,0.799
