,yLDAInd,yQDAInd,yLDAMulti,yQDAMulti,yPropL,yPropQ,yLiu,yLiuQDA,wTargetQ,wTargetL,wLiu,person,times,shots,yKNNInd,ySVMInd,yKNNMulti,ySVMMulti
0,0.792,0.569,0.627,0.619,0.804,0.777,0.795,0.778,0.46446609406726236,0.49999999999999994,0.5,20,12,3,0.821,0.59,0.745,0.8
1,0.805,0.679,0.627,0.619,0.81,0.773,0.808,0.781,0.5317541634481457,0.5,0.5,20,12,4,0.81,0.675,0.745,0.799
2,0.819,0.806,0.627,0.619,0.814,0.803,0.812,0.798,0.5,0.5,0.5,20,12,5,0.79,0.685,0.745,0.799
3,0.801,0.787,0.627,0.619,0.81,0.801,0.808,0.799,0.49999999999999994,0.49999999999999994,0.5,20,12,6,0.733,0.682,0.745,0.8
4,0.803,0.796,0.627,0.619,0.809,0.806,0.809,0.806,0.5,0.5,0.5,20,12,7,0.785,0.737,0.745,0.8
5,0.801,0.806,0.627,0.619,0.809,0.804,0.808,0.808,0.5,0.5,0.5,20,12,8,0.787,0.756,0.745,0.8
6,0.804,0.799,0.627,0.619,0.81,0.802,0.813,0.81,0.49999999999999994,0.49999999999999994,0.5,20,12,9,0.79,0.817,0.745,0.8
