,yLDAInd,yQDAInd,yLDAMulti,yQDAMulti,yPropL,yPropQ,yLiu,yLiuQDA,wTargetQ,wTargetL,wLiu,person,times,shots,yKNNInd,ySVMInd,yKNNMulti,ySVMMulti
0,0.828,0.709,0.627,0.619,0.808,0.794,0.753,0.772,0.5,0.5,0.5,20,29,3,0.805,0.832,0.747,0.799
1,0.807,0.719,0.627,0.619,0.79,0.791,0.731,0.764,0.5,0.5,0.5,20,29,4,0.815,0.827,0.747,0.799
2,0.753,0.703,0.627,0.619,0.775,0.773,0.718,0.723,0.5505102572168219,0.5477574250002367,0.5,20,29,5,0.831,0.711,0.747,0.799
3,0.703,0.702,0.627,0.62,0.761,0.759,0.709,0.72,0.49999999999999994,0.49999999999999994,0.5,20,29,6,0.831,0.719,0.747,0.799
4,0.747,0.709,0.627,0.62,0.781,0.773,0.735,0.744,0.48372890561028314,0.5,0.5,20,29,7,0.845,0.755,0.747,0.799
5,0.822,0.735,0.627,0.62,0.818,0.792,0.783,0.77,0.4823328513812759,0.47546985295609523,0.5,20,29,8,0.85,0.786,0.746,0.799
6,0.753,0.699,0.627,0.62,0.783,0.762,0.736,0.742,0.49849383141104864,0.5174394609811803,0.5,20,29,9,0.835,0.759,0.746,0.799
7,0.727,0.685,0.627,0.62,0.771,0.758,0.73,0.734,0.48793349402456776,0.5185803284573023,0.5,20,29,10,0.829,0.691,0.746,0.799
