,yLDAInd,yQDAInd,yLDAMulti,yQDAMulti,yPropL,yPropQ,yLiu,yLiuQDA,wTargetQ,wTargetL,wLiu,person,times,shots,yKNNInd,ySVMInd,yKNNMulti,ySVMMulti
0,0.672,0.606,0.627,0.619,0.726,0.707,0.712,0.751,0.550025241059262,0.49999999999999994,0.5,20,37,3,0.69,0.679,0.746,0.799
1,0.739,0.734,0.627,0.619,0.791,0.769,0.777,0.77,0.5,0.4504591312225273,0.5,20,37,4,0.824,0.695,0.746,0.799
