,yLDAInd,yQDAInd,yLDAMulti,yQDAMulti,yPropL,yPropQ,yLiu,yLiuQDA,wTargetQ,wTargetL,wLiu,person,times,shots,yKNNInd,ySVMInd,yKNNMulti,ySVMMulti
0,0.792,0.801,0.627,0.619,0.82,0.815,0.812,0.802,0.49999999999999994,0.49999999999999994,0.5,20,22,3,0.83,0.764,0.746,0.799
1,0.782,0.768,0.627,0.619,0.824,0.795,0.812,0.804,0.532355004440831,0.39228095605926194,0.5,20,22,4,0.734,0.759,0.746,0.799
